[
  {
    "year": 1950,
    "title": "The Beginning",
    "description": "First F1 World Championship season. Giuseppe Farina wins in an Alfa Romeo.",
    "imageURL": "1950.jpg",
    "category": "Historic"
  },
  {
    "year": 1967,
    "title": "Safety Innovations",
    "description": "Introduction of full-face helmets and improved crash barriers.",
    "imageURL": "1967.jpg",
    "category": "Safety"
  },
  {
    "year": 1976,
    "title": "Lauda vs Hunt",
    "description": "One of the most dramatic title battles in history.",
    "imageURL": "1976.jpg",
    "category": "Rivalry"
  },
  {
    "year": 1988,
    "title": "McLaren Dominance",
    "description": "Senna & Prost win 15/16 races for McLaren-Honda.",
    "imageURL": "1988.jpg",
    "category": "Dominance"
  },
  {
    "year": 1994,
    "title": "Tragedy & Safety Reforms",
    "description": "Death of Ayrton Senna prompts major safety overhauls.",
    "imageURL": "1994.jpeg",
    "category": "Safety"
  },
  {
    "year": 2004,
    "title": "Schumacher's Record",
    "description": "Michael Schumacher wins his 7th title.",
    "imageURL": "2004.jpg",
    "category": "Record"
  },
  {
    "year": 2021,
    "title": "Verstappen's First Title",
    "description": "Max Verstappen wins after a dramatic Abu Dhabi finale.",
    "imageURL": "2021.jpeg",
    "category": "Modern Era"
  },
  {
    "year": 2025,
    "title": "New Era",
    "description": "Cutting-edge hybrid and aero technology define the 2025 season.",
    "imageURL": "2025.jpeg",
    "category": "Future"
  }
]
