[
  {
    "id": "1950",
    "year": 1950,
    "title": "First F1 World Championship",
    "description": "The inaugural Formula 1 World Championship season begins, marking the start of the modern era of Grand Prix racing.",
    "image": "https://upload.wikimedia.org/wikipedia/commons/5/5f/Ferrari_125.jpg",
    "link": "https://en.wikipedia.org/wiki/1950_Formula_One_season",
    "tags": [
      "origins"
    ]
  },
  {
    "id": "2000",
    "year": 2000,
    "title": "Schumacher's Ferrari Era",
    "description": "Michael Schumacher wins his first title with Ferrari, igniting a dominant period for the Scuderia.",
    "image": "https://upload.wikimedia.org/wikipedia/commons/3/3d/Michael_Schumacher_bahrain.jpg",
    "link": "https://en.wikipedia.org/wiki/Michael_Schumacher",
    "tags": [
      "drivers",
      "ferrari"
    ]
  },
  {
    "id": "2014",
    "year": 2014,
    "title": "Start of the Hybrid Era",
    "description": "F1 introduces 1.6L V6 turbo-hybrid power units, reshaping car design and performance strategies.",
    "image": "https://upload.wikimedia.org/wikipedia/commons/8/8e/Nico_Rosberg_2014_Singapore_FP2.jpg",
    "link": "https://en.wikipedia.org/wiki/Formula_One_engines",
    "tags": [
      "technology"
    ]
  },
  {
    "id": "2021",
    "year": 2021,
    "title": "Dramatic Season Finale",
    "description": "Max Verstappen clinches his first world championship in a controversial Abu Dhabi finale.",
    "image": "https://upload.wikimedia.org/wikipedia/commons/f/fb/2021_United_States_Grand_Prix_%2851605460172%29.jpg",
    "link": "https://en.wikipedia.org/wiki/2021_Abu_Dhabi_Grand_Prix",
    "tags": [
      "drivers"
    ]
  }
]